x_values,y_values
-5,-8.742075499564637
-4,-4.261190890794724
-3,-2.8406631729646463
-2,2.543714405389105
-1,6.4686601676676165
0,3.2582913035935386
1,13.706307695733258
2,14.864339689220625
3,11.68219302579707
4,15.28322701113445
5,17.57501423344141
